region,Date,AveragePrice
0,2017-06-04,1.6844718317051544
0,2017-06-11,1.781421850559709
0,2017-06-18,1.7595068462861536
0,2017-06-25,1.7465153079713118
0,2017-07-02,1.7581551441706473
0,2017-07-09,1.8896085568539966
0,2017-07-16,1.7627952578823878
0,2017-07-23,1.6657957133902284
0,2017-07-30,1.8810926957011647
0,2017-08-06,1.7549209868079532
0,2017-08-13,1.7934589757946655
0,2017-08-20,1.805971576116566
0,2017-08-27,1.7940385608963658
0,2017-09-03,1.8885253537298112
0,2017-09-10,1.7028003540221948
0,2017-09-17,1.7104319117136224
0,2017-09-24,1.7135402597163105
0,2017-10-01,1.7136151637577937
0,2017-10-08,1.7091481985653654
0,2017-10-15,1.6869669442993518
0,2017-10-22,1.7851662421934702
0,2017-10-29,1.7285743680335737
0,2017-11-05,1.8944209649865411
0,2017-11-12,1.9233213802222444
0,2017-11-19,1.8972342041585624
0,2017-11-26,1.7346719784172824
0,2017-12-03,1.6953590822588092
0,2017-12-10,1.708165154048885
0,2017-12-17,1.680214452244142
0,2017-12-24,1.6821574304241251
0,2017-12-31,1.7510875520991145
0,2018-01-07,1.6688551413373809
0,2018-01-14,1.8106234838837982
0,2018-01-21,1.780764701983875
0,2018-01-28,1.6004209206260107
0,2018-02-04,1.6634460950397099
0,2018-02-11,1.6876599502880045
0,2018-02-18,1.5727467729624691
0,2018-02-25,1.6683954158338052
0,2018-03-04,1.6519799306963379
0,2018-03-11,1.7719363811070317
0,2018-03-18,1.6945918274163887
0,2018-03-25,1.7391650304410078
1,2017-06-04,1.1155724359697072
1,2017-06-11,0.9075493263112233
1,2017-06-18,1.123994082518364
1,2017-06-25,1.0085859591376565
1,2017-07-02,1.1279030167357265
1,2017-07-09,1.3469367382457984
1,2017-07-16,1.497588374240587
1,2017-07-23,1.3875967986396958
1,2017-07-30,1.4651368999644159
1,2017-08-06,1.6136392500629435
1,2017-08-13,1.8254795053326984
1,2017-08-20,1.5422788528151639
1,2017-08-27,1.500834199668343
1,2017-09-03,1.2547060145354378
1,2017-09-10,1.523092742968267
1,2017-09-17,1.2040728696551133
1,2017-09-24,0.9992876339740707
1,2017-10-01,1.4919838294822723
1,2017-10-08,1.7029052440169328
1,2017-10-15,1.6163017754996276
1,2017-10-22,1.4252273361488281
1,2017-10-29,1.1548283730921076
1,2017-11-05,1.4608881542831138
1,2017-11-12,1.5920869787729077
1,2017-11-19,1.6091475978025243
1,2017-11-26,1.5549372493237636
1,2017-12-03,1.5525324984667674
1,2017-12-10,1.3587695792309606
1,2017-12-17,1.467455184391023
1,2017-12-24,1.637308106083937
1,2017-12-31,1.539699203082516
1,2018-01-07,1.4305522764511676
1,2018-01-14,1.214087436368789
1,2018-01-21,1.063763307894189
1,2018-01-28,1.492767607793481
1,2018-02-04,1.4608881542831138
1,2018-02-11,1.4305522764511676
1,2018-02-18,1.5551651498560957
1,2018-02-25,1.6384622304886842
1,2018-03-04,1.5546302462741055
1,2018-03-11,1.6933950347440831
1,2018-03-18,1.3957996795762782
1,2018-03-25,1.337711950666613
2,2017-06-04,2.0849125254081398
2,2017-06-11,2.063217585709093
2,2017-06-18,2.053527567811646
2,2017-06-25,2.036029603640687
2,2017-07-02,2.0376750385140636
2,2017-07-09,1.9679923967161081
2,2017-07-16,1.9802957352288002
2,2017-07-23,1.9659411770311508
2,2017-07-30,2.0587106251914205
2,2017-08-06,2.0539420315557915
2,2017-08-13,2.0349084129048762
2,2017-08-20,2.0052799595793345
2,2017-08-27,1.975781560345367
2,2017-09-03,1.8492593284984415
2,2017-09-10,1.9494709264323025
2,2017-09-17,1.861369898484059
2,2017-09-24,1.8321650823582913
2,2017-10-01,1.6911130619869075
2,2017-10-08,1.804028458718333
2,2017-10-15,1.9390604707160597
2,2017-10-22,2.0309628437827683
2,2017-10-29,2.0658550938825373
2,2017-11-05,2.0210463393062437
2,2017-11-12,2.0179060474167865
2,2017-11-19,2.024467982805911
2,2017-11-26,2.0246457645845575
2,2017-12-03,1.9657035991682366
2,2017-12-10,1.9220936773608759
2,2017-12-17,1.96658893722885
2,2017-12-24,1.8944437282551552
2,2017-12-31,1.995386696409354
2,2018-01-07,2.0052963925883307
2,2018-01-14,1.9717831954321767
2,2018-01-21,2.026815980451368
2,2018-01-28,2.0291312861506516
2,2018-02-04,1.9930910946194431
2,2018-02-11,2.0606340740694717
2,2018-02-18,2.0180678977834483
2,2018-02-25,1.9041122372577564
2,2018-03-04,1.9300049566712434
2,2018-03-11,1.9041410448494183
2,2018-03-18,1.854412839987483
2,2018-03-25,1.6889045430232137
3,2017-06-04,1.1655148887758247
3,2017-06-11,1.1499688201141942
3,2017-06-18,1.263276093790453
3,2017-06-25,1.406043566177802
3,2017-07-02,1.4294723179525668
3,2017-07-09,1.2845725433995032
3,2017-07-16,1.42160592181069
3,2017-07-23,1.4279376446097014
3,2017-07-30,1.417770219064398
3,2017-08-06,1.4458596453825723
3,2017-08-13,1.3714136216158357
3,2017-08-20,1.382065146423295
3,2017-08-27,1.3801787674009243
3,2017-09-03,1.3714136216158357
3,2017-09-10,1.3858036777132936
3,2017-09-17,1.446407047390789
3,2017-09-24,1.4635674970419144
3,2017-10-01,1.4205013157164648
3,2017-10-08,1.3890837257418422
3,2017-10-15,1.407174843500893
3,2017-10-22,1.4015499331885237
3,2017-10-29,1.4077592963066192
3,2017-11-05,1.4202255037533007
3,2017-11-12,1.4077592963066192
3,2017-11-19,1.3609903431782886
3,2017-11-26,1.2270112955584906
3,2017-12-03,1.458304595467825
3,2017-12-10,1.4279376446097014
3,2017-12-17,1.3982145260582297
3,2017-12-24,1.098590336020957
3,2017-12-31,1.3714136216158357
3,2018-01-07,1.4151684992393236
3,2018-01-14,1.4189175348447547
3,2018-01-21,1.2213155979101828
3,2018-01-28,1.2316263551025937
3,2018-02-04,1.3793571989861597
3,2018-02-11,1.3720858994378273
3,2018-02-18,1.5612701218388398
3,2018-02-25,1.4401590043646846
3,2018-03-04,1.3741259658520337
3,2018-03-11,1.309909315267503
3,2018-03-18,1.373269894166935
3,2018-03-25,1.3806122253189705
4,2017-06-04,1.9489742745646368
4,2017-06-11,1.952896352461626
4,2017-06-18,1.957394294323473
4,2017-06-25,1.9489742745646368
4,2017-07-02,1.9534438861481953
4,2017-07-09,1.9336901176860404
4,2017-07-16,1.9094910021959763
4,2017-07-23,1.6094358035359055
4,2017-07-30,1.6213176347326326
4,2017-08-06,1.6749630103999953
4,2017-08-13,1.9490686529443917
4,2017-08-20,1.8284754321379515
4,2017-08-27,1.957950985303803
4,2017-09-03,1.950530141275176
4,2017-09-10,1.9521845230199117
4,2017-09-17,1.9690287361355858
4,2017-09-24,1.8936563203889463
4,2017-10-01,1.963522514125496
4,2017-10-08,1.9943631649170468
4,2017-10-15,1.9477058648449137
4,2017-10-22,1.9581511173787414
4,2017-10-29,1.8688658498278081
4,2017-11-05,1.9724947088381117
4,2017-11-12,1.795206545930225
4,2017-11-19,1.7856110371705218
4,2017-11-26,1.9298020469962394
4,2017-12-03,1.901581222891701
4,2017-12-10,1.6198388336217424
4,2017-12-17,1.680390121599289
4,2017-12-24,1.938204576247023
4,2017-12-31,1.9575087428915514
4,2018-01-07,1.9377352765327984
4,2018-01-14,1.745640732215526
4,2018-01-21,1.9110671779143036
4,2018-01-28,1.8622425845631907
4,2018-02-04,1.4164542472789854
4,2018-02-11,1.761689066731419
4,2018-02-18,1.766620389495588
4,2018-02-25,1.5699966055625532
4,2018-03-04,1.821810871687285
4,2018-03-11,1.3841164269554895
4,2018-03-18,1.2983002880186143
4,2018-03-25,1.2637860154731575
5,2017-06-04,1.7978247842806463
5,2017-06-11,1.729258223241623
5,2017-06-18,1.5283136807719306
5,2017-06-25,1.18750641211831
5,2017-07-02,1.3517608345266332
5,2017-07-09,1.550406924452083
5,2017-07-16,1.5981187378048745
5,2017-07-23,1.2683264930888376
5,2017-07-30,1.283932157623573
5,2017-08-06,1.3595167643935973
5,2017-08-13,1.6687693640836603
5,2017-08-20,1.4111210318192944
5,2017-08-27,1.6588303008594292
5,2017-09-03,1.4896862312041743
5,2017-09-10,1.5511123639095163
5,2017-09-17,1.5396388181171414
5,2017-09-24,1.619502945860409
5,2017-10-01,1.625880534082036
5,2017-10-08,1.6031075403684067
5,2017-10-15,1.7310685554488934
5,2017-10-22,1.6122638558254434
5,2017-10-29,1.6763945439371546
5,2017-11-05,1.6140317884053461
5,2017-11-12,1.2268815615353796
5,2017-11-19,1.3389491001828486
5,2017-11-26,1.5209041672247434
5,2017-12-03,1.3491153029078145
5,2017-12-10,1.1948438264643468
5,2017-12-17,1.2060752322464936
5,2017-12-24,1.5888022258637169
5,2017-12-31,1.211431533748327
5,2018-01-07,1.2932730915405999
5,2018-01-14,1.149917331440195
5,2018-01-21,1.367759910045463
5,2018-01-28,1.597039159962441
5,2018-02-04,1.0627519151721738
5,2018-02-11,1.2226629395304738
5,2018-02-18,1.2280191679099186
5,2018-02-25,1.1540629870814711
5,2018-03-04,1.4239368956173477
5,2018-03-11,1.0324489489335724
5,2018-03-18,0.9284420346095764
5,2018-03-25,0.9261872022445066
6,2017-06-04,1.6846956950618788
6,2017-06-11,1.6184116736909138
6,2017-06-18,1.5837236531312697
6,2017-06-25,1.5592100973819356
6,2017-07-02,1.635385943028536
6,2017-07-09,1.6902924757695825
6,2017-07-16,1.6367287004250424
6,2017-07-23,1.635840874979541
6,2017-07-30,1.2841041923791678
6,2017-08-06,1.3369809257808989
6,2017-08-13,1.3038372793918578
6,2017-08-20,1.3627528028660374
6,2017-08-27,1.6256611385607946
6,2017-09-03,1.605875805561032
6,2017-09-10,1.643108827695056
6,2017-09-17,1.6492518292235228
6,2017-09-24,1.6019006081504474
6,2017-10-01,1.6362582772141343
6,2017-10-08,1.6397418891700482
6,2017-10-15,1.4368295471790766
6,2017-10-22,1.5146228529274957
6,2017-10-29,1.517061695579561
6,2017-11-05,1.5872488991122735
6,2017-11-12,1.4564405135166862
6,2017-11-19,1.5102571111640026
6,2017-11-26,1.5074163602358523
6,2017-12-03,1.4167078184759683
6,2017-12-10,1.4627423883646813
6,2017-12-17,1.6444304542374675
6,2017-12-24,1.5250131729790934
6,2017-12-31,1.5241874083550044
6,2018-01-07,1.5241874083550044
6,2018-01-14,1.3400512685099426
6,2018-01-21,1.5131643505085215
6,2018-01-28,1.5330586431747506
6,2018-02-04,1.506354915464996
6,2018-02-11,1.5451124288720801
6,2018-02-18,1.5078231087159097
6,2018-02-25,1.4696908701238087
6,2018-03-04,1.4509044942786997
6,2018-03-11,1.3937754676110963
6,2018-03-18,1.6783939879779317
6,2018-03-25,1.4885748852388452
7,2017-06-04,2.1492191566212298
7,2017-06-11,2.0562621124890494
7,2017-06-18,2.2514058570844107
7,2017-06-25,2.3133780216324284
7,2017-07-02,2.2499157497147637
7,2017-07-09,2.3349325396509366
7,2017-07-16,2.32857332880541
7,2017-07-23,2.3451210680903096
7,2017-07-30,2.3013766976581076
7,2017-08-06,2.3413170528991367
7,2017-08-13,2.245382161758787
7,2017-08-20,2.1687434943511477
7,2017-08-27,2.2504938764420155
7,2017-09-03,2.2663130875260533
7,2017-09-10,2.1283109547523162
7,2017-09-17,2.288927851788276
7,2017-09-24,2.0643059570647657
7,2017-10-01,2.2215097418461736
7,2017-10-08,2.1972162213905513
7,2017-10-15,2.1654829939056035
7,2017-10-22,2.273026514915298
7,2017-10-29,2.241851227887688
7,2017-11-05,2.245415225145131
7,2017-11-12,2.2180265206424545
7,2017-11-19,2.2808668249875534
7,2017-11-26,2.1367740196262086
7,2017-12-03,2.3190936907599746
7,2017-12-10,2.2119340811477533
7,2017-12-17,2.352497810656758
7,2017-12-24,2.2682208356688807
7,2017-12-31,2.4593307952731758
7,2018-01-07,2.4165294700714024
7,2018-01-14,2.3848279797025627
7,2018-01-21,2.4712432767502746
7,2018-01-28,2.238062946173577
7,2018-02-04,2.484355720577759
7,2018-02-11,2.3579683019641227
7,2018-02-18,2.3660444296670353
7,2018-02-25,2.4224713723886535
7,2018-03-04,2.1862473682174084
7,2018-03-11,2.4512695005070158
7,2018-03-18,2.3681662784905164
7,2018-03-25,2.4621917922268146
8,2017-06-04,1.669540409726409
8,2017-06-11,1.7007885832501206
8,2017-06-18,1.6566117791137804
8,2017-06-25,1.6597439753546877
8,2017-07-02,1.800281377483169
8,2017-07-09,1.6289650644726634
8,2017-07-16,1.768351823599662
8,2017-07-23,1.7489809766900861
8,2017-07-30,1.7467120950413524
8,2017-08-06,2.108870219760362
8,2017-08-13,1.9887548500254535
8,2017-08-20,2.0650951450673904
8,2017-08-27,2.0233611451218096
8,2017-09-03,1.9659480654900607
8,2017-09-10,1.850876009684809
8,2017-09-17,2.020502921245802
8,2017-09-24,1.9571467854743134
8,2017-10-01,1.9990397313402082
8,2017-10-08,1.7587724807608964
8,2017-10-15,1.8479071199000479
8,2017-10-22,1.9878449578063735
8,2017-10-29,1.9726749895550402
8,2017-11-05,1.7902773427144414
8,2017-11-12,2.035720956829611
8,2017-11-19,2.0256234822888213
8,2017-11-26,2.022337215168753
8,2017-12-03,2.061590151182597
8,2017-12-10,1.7513125515115116
8,2017-12-17,1.6209411520640555
8,2017-12-24,1.745095354738868
8,2017-12-31,1.9987902761301573
8,2018-01-07,1.954358037785856
8,2018-01-14,1.7540445730293381
8,2018-01-21,2.013370168880437
8,2018-01-28,1.7078499622219605
8,2018-02-04,1.7086433291199417
8,2018-02-11,1.7234306833421216
8,2018-02-18,1.8110389812779848
8,2018-02-25,1.8263706880372628
8,2018-03-04,1.6297059382416406
8,2018-03-11,1.6918119070937128
8,2018-03-18,1.9459095617449165
8,2018-03-25,1.7846552346247104
9,2017-06-04,1.3894481484448205
9,2017-06-11,0.6347707096844749
9,2017-06-18,1.0988886925872714
9,2017-06-25,0.9067948094913979
9,2017-07-02,0.8174302537935678
9,2017-07-09,0.8226028628869918
9,2017-07-16,1.0839118419438176
9,2017-07-23,1.078220335896067
9,2017-07-30,1.3886280097665706
9,2017-08-06,1.4932387802188243
9,2017-08-13,1.5713942902110265
9,2017-08-20,1.4353880289431413
9,2017-08-27,1.1762321291584497
9,2017-09-03,1.0064126422917798
9,2017-09-10,1.394973673694059
9,2017-09-17,1.1714174334960858
9,2017-09-24,0.8581616962587186
9,2017-10-01,1.5778728029268296
9,2017-10-08,1.7615870478349034
9,2017-10-15,1.6118029843742643
9,2017-10-22,1.2744745180423334
9,2017-10-29,1.3137748077635318
9,2017-11-05,1.2125083590880261
9,2017-11-12,1.4198033251813658
9,2017-11-19,1.591095983901744
9,2017-11-26,1.4956315205578365
9,2017-12-03,1.6439080561625516
9,2017-12-10,1.555632673809862
9,2017-12-17,1.5123850996020574
9,2017-12-24,1.5098372031607572
9,2017-12-31,1.55702702036144
9,2018-01-07,1.457623239279179
9,2018-01-14,1.2017440746051824
9,2018-01-21,0.9923564810625507
9,2018-01-28,1.2838910641630192
9,2018-02-04,1.5693422436137394
9,2018-02-11,1.4957889759676954
9,2018-02-18,1.7525743058434045
9,2018-02-25,1.1645017554218573
9,2018-03-04,1.5773544053778694
9,2018-03-11,1.3770115709190436
9,2018-03-18,1.2408425045999405
9,2018-03-25,1.396420604368662
10,2017-06-04,1.2950461379074425
10,2017-06-11,0.826486413452983
10,2017-06-18,1.2755715999924537
10,2017-06-25,1.1916446146991329
10,2017-07-02,1.1796572360909712
10,2017-07-09,1.0906960039875377
10,2017-07-16,1.3728085552101963
10,2017-07-23,1.1576156719068589
10,2017-07-30,1.4217278705491567
10,2017-08-06,1.546053047488046
10,2017-08-13,1.550785007321474
10,2017-08-20,1.546053047488046
10,2017-08-27,1.5090516646421104
10,2017-09-03,1.4077224335530547
10,2017-09-10,1.5452659093535461
10,2017-09-17,1.546053047488046
10,2017-09-24,1.2742388700305463
10,2017-10-01,1.521320436489392
10,2017-10-08,1.5570549468096726
10,2017-10-15,1.5325850929016869
10,2017-10-22,1.5358038095025177
10,2017-10-29,1.5338490859687643
10,2017-11-05,1.5904977624787087
10,2017-11-12,1.576457395418825
10,2017-11-19,1.5736238293733062
10,2017-11-26,1.4937392037585795
10,2017-12-03,1.7011008666381247
10,2017-12-10,1.5946279644066832
10,2017-12-17,1.5244577815135116
10,2017-12-24,1.5063674255101132
10,2017-12-31,1.7185750649179177
10,2018-01-07,1.4285732781067988
10,2018-01-14,1.458732063531449
10,2018-01-21,1.4194100908727525
10,2018-01-28,1.4918288129759667
10,2018-02-04,1.5869944301635017
10,2018-02-11,1.6052656805161742
10,2018-02-18,1.6776633114654862
10,2018-02-25,1.5069877664113605
10,2018-03-04,1.557338832734213
10,2018-03-11,1.5663594866004176
10,2018-03-18,1.0159157098321658
10,2018-03-25,1.4863056568455968
11,2017-06-04,1.1779964551731958
11,2017-06-11,1.0929418468371712
11,2017-06-18,1.0642925704604402
11,2017-06-25,1.2644959663031747
11,2017-07-02,1.0960835482551912
11,2017-07-09,1.0087866536782217
11,2017-07-16,1.1965604411008621
11,2017-07-23,1.276756278814749
11,2017-07-30,1.0653773843553096
11,2017-08-06,1.043558543431709
11,2017-08-13,1.2600650704811032
11,2017-08-20,1.0903245678712687
11,2017-08-27,1.123403439767023
11,2017-09-03,1.0755595101755882
11,2017-09-10,1.0647346831912343
11,2017-09-17,1.1535284531569407
11,2017-09-24,1.1728163623331318
11,2017-10-01,1.2639286776531906
11,2017-10-08,1.1605874416702904
11,2017-10-15,1.2488134871519887
11,2017-10-22,1.3922392316057541
11,2017-10-29,1.3039118747931098
11,2017-11-05,1.311080828934186
11,2017-11-12,1.161354163436886
11,2017-11-19,1.255489179033432
11,2017-11-26,1.445254708089674
11,2017-12-03,1.3143717746706582
11,2017-12-10,1.328317462214614
11,2017-12-17,1.4623269936544165
11,2017-12-24,1.4094503363188298
11,2017-12-31,1.3850371474325966
11,2018-01-07,1.353922037598014
11,2018-01-14,1.3394675336424617
11,2018-01-21,1.392073188967612
11,2018-01-28,1.3357833862252537
11,2018-02-04,1.3207643342108148
11,2018-02-11,1.3633743606871287
11,2018-02-18,1.3563766107074815
11,2018-02-25,1.4506614855192281
11,2018-03-04,1.211281358533655
11,2018-03-11,1.140039177641505
11,2018-03-18,1.167059379476697
11,2018-03-25,1.2713638190278187
12,2017-06-04,1.564528837360633
12,2017-06-11,1.5631488579373183
12,2017-06-18,1.0905824910593294
12,2017-06-25,1.1423275834659752
12,2017-07-02,1.2107175424279832
12,2017-07-09,1.5406645993607684
12,2017-07-16,1.7118964100027427
12,2017-07-23,1.5596056617309115
12,2017-07-30,1.1789176910850827
12,2017-08-06,1.389082806208688
12,2017-08-13,1.238709038257227
12,2017-08-20,1.6216760834413455
12,2017-08-27,1.6855129620867901
12,2017-09-03,1.6649914251148656
12,2017-09-10,1.5080406699966094
12,2017-09-17,1.5120749016286135
12,2017-09-24,1.9479499440234853
12,2017-10-01,1.869178801728261
12,2017-10-08,1.295800128380118
12,2017-10-15,1.317439507712517
12,2017-10-22,1.447598035790249
12,2017-10-29,1.6423719143471727
12,2017-11-05,1.7774872210400903
12,2017-11-12,1.8001067318077832
12,2017-11-19,1.7493504681588858
12,2017-11-26,1.6622812683127692
12,2017-12-03,1.724941150690154
12,2017-12-10,1.8100992711112547
12,2017-12-17,1.6610835473683565
12,2017-12-24,1.4277909587898858
12,2017-12-31,1.4556319574181675
12,2018-01-07,1.1573060333141114
12,2018-01-14,1.2208602275342384
12,2018-01-21,1.2501332644675571
12,2018-01-28,1.3887349405112235
12,2018-02-04,1.8628062190818846
12,2018-02-11,1.6953582546754402
12,2018-02-18,1.1572956366246425
12,2018-02-25,1.2066986233962964
12,2018-03-04,1.3589853264447458
12,2018-03-11,1.2520732324697492
12,2018-03-18,1.2965273381008178
12,2018-03-25,1.3159566707595216
13,2017-06-04,1.315623615126229
13,2017-06-11,0.4819601808455143
13,2017-06-18,1.0408933040164536
13,2017-06-25,0.8237676727776974
13,2017-07-02,0.8141447902545258
13,2017-07-09,0.9224835982619133
13,2017-07-16,1.16174144268009
13,2017-07-23,1.0845737617646098
13,2017-07-30,1.3433049956174623
13,2017-08-06,1.5038023026238847
13,2017-08-13,1.5947745306562724
13,2017-08-20,1.4892829223726303
13,2017-08-27,1.4638890776094553
13,2017-09-03,1.3041391951044685
13,2017-09-10,1.492456400952017
13,2017-09-17,1.5462662331904253
13,2017-09-24,0.8695650247209215
13,2017-10-01,1.6902476206666333
13,2017-10-08,1.9460892562684085
13,2017-10-15,1.6780395854267602
13,2017-10-22,1.4782069015201362
13,2017-10-29,1.5873963856282114
13,2017-11-05,1.5997863693220082
13,2017-11-12,1.5689771271425839
13,2017-11-19,1.5708036589981462
13,2017-11-26,1.585746668254075
13,2017-12-03,1.7145635815291602
13,2017-12-10,1.6287930526105099
13,2017-12-17,1.4044542063524215
13,2017-12-24,1.5834733014975615
13,2017-12-31,1.5788282287275148
13,2018-01-07,1.4167981133279448
13,2018-01-14,1.6418935428111363
13,2018-01-21,1.109308798551865
13,2018-01-28,1.4506631300199582
13,2018-02-04,1.5844332648282173
13,2018-02-11,1.6054587845278736
13,2018-02-18,1.9409254696056066
13,2018-02-25,1.5299426686637057
13,2018-03-04,1.6371936165914445
13,2018-03-11,1.5199105772934203
13,2018-03-18,1.0946205557560487
13,2018-03-25,1.4673481669579729
14,2017-06-04,1.9231453905254052
14,2017-06-11,1.8362096834935835
14,2017-06-18,1.792319666992976
14,2017-06-25,1.9448696162028571
14,2017-07-02,1.7565200837904442
14,2017-07-09,1.7708603324776968
14,2017-07-16,1.7835007940730323
14,2017-07-23,1.7976891025709687
14,2017-07-30,1.8462213292431806
14,2017-08-06,2.0286732053765917
14,2017-08-13,1.5298427963743055
14,2017-08-20,1.4733202806819854
14,2017-08-27,1.563032298648661
14,2017-09-03,1.7619547072647026
14,2017-09-10,1.8011133312921084
14,2017-09-17,1.7153001074873138
14,2017-09-24,1.8045538285299372
14,2017-10-01,1.989736204937662
14,2017-10-08,1.7836834996070847
14,2017-10-15,1.6224350442047641
14,2017-10-22,1.663784628950976
14,2017-10-29,1.5484990087424444
14,2017-11-05,1.9377497413426779
14,2017-11-12,1.7066775457697876
14,2017-11-19,1.667322539061488
14,2017-11-26,1.7785028555294184
14,2017-12-03,1.7686793538252021
14,2017-12-10,1.9103712309098833
14,2017-12-17,1.6339216788338746
14,2017-12-24,1.7919940933340504
14,2017-12-31,1.6495612553047343
14,2018-01-07,1.9755490089305772
14,2018-01-14,1.8957995655545898
14,2018-01-21,1.9236518217157235
14,2018-01-28,1.5916174224530084
14,2018-02-04,1.6057610753518785
14,2018-02-11,1.8554403407223632
14,2018-02-18,1.9047256048974237
14,2018-02-25,1.8810706596818665
14,2018-03-04,2.017571167804269
14,2018-03-11,1.7620560298427441
14,2018-03-18,1.8339609027825827
14,2018-03-25,1.760187121931475
15,2017-06-04,1.4359517514376132
15,2017-06-11,1.086843341817907
15,2017-06-18,1.20998576165646
15,2017-06-25,1.1360857286298538
15,2017-07-02,1.2096974760062478
15,2017-07-09,1.2476216307090535
15,2017-07-16,1.3360717157330386
15,2017-07-23,1.129592330994863
15,2017-07-30,1.3765608676825123
15,2017-08-06,1.1065981327946923
15,2017-08-13,1.3425044833889201
15,2017-08-20,1.108620654499819
15,2017-08-27,1.1848016220042277
15,2017-09-03,1.0695654136398762
15,2017-09-10,1.3252815862497442
15,2017-09-17,1.3247783710363719
15,2017-09-24,1.4079218444315582
15,2017-10-01,1.5334701977912162
15,2017-10-08,1.6987518409698739
15,2017-10-15,1.5403859330423135
15,2017-10-22,1.4264621803060695
15,2017-10-29,1.4811394384920937
15,2017-11-05,1.5403859330423135
15,2017-11-12,1.4378788223792034
15,2017-11-19,1.3419424082400166
15,2017-11-26,1.196047968963524
15,2017-12-03,1.4476660034951776
15,2017-12-10,1.4293710148665513
15,2017-12-17,1.4357661056636895
15,2017-12-24,1.4264621803060695
15,2017-12-31,1.1470807730083048
15,2018-01-07,1.4709286925787906
15,2018-01-14,1.2658329809810214
15,2018-01-21,1.1922848013931735
15,2018-01-28,1.529404640671107
15,2018-02-04,1.5488265571531559
15,2018-02-11,1.5244616806468012
15,2018-02-18,1.5712587878659712
15,2018-02-25,1.4551277518813905
15,2018-03-04,1.4614179409376586
15,2018-03-11,1.3973866898238885
15,2018-03-18,1.2336856857393943
15,2018-03-25,1.5425586160474485
16,2017-06-04,1.9617214925148176
16,2017-06-11,2.0133108446479016
16,2017-06-18,1.9329144420077295
16,2017-06-25,1.9777063140176743
16,2017-07-02,1.96324192016784
16,2017-07-09,1.9147412969023587
16,2017-07-16,2.0664475104916393
16,2017-07-23,2.0391686005705747
16,2017-07-30,2.0113884422585615
16,2017-08-06,1.999429535613534
16,2017-08-13,2.0258843868988174
16,2017-08-20,2.0773845841483003
16,2017-08-27,2.0123775107769486
16,2017-09-03,1.9939515458781054
16,2017-09-10,1.9620681617283335
16,2017-09-17,2.0268862835866677
16,2017-09-24,2.0018811839085005
16,2017-10-01,2.039886118196218
16,2017-10-08,2.0405562764067176
16,2017-10-15,2.029591902248944
16,2017-10-22,2.0175012628750255
16,2017-10-29,2.0412429967317647
16,2017-11-05,1.9881864284942392
16,2017-11-12,2.001769317504561
16,2017-11-19,2.0758421611622366
16,2017-11-26,2.031517884582599
16,2017-12-03,1.9848264144212895
16,2017-12-10,2.0332342539086277
16,2017-12-17,1.9479374730013268
16,2017-12-24,1.7715853666950485
16,2017-12-31,1.7850816285978852
16,2018-01-07,1.9866423893609164
16,2018-01-14,2.0593666259813723
16,2018-01-21,2.0168404623733975
16,2018-01-28,2.009774157237658
16,2018-02-04,1.952162073234132
16,2018-02-11,2.0233998015235213
16,2018-02-18,1.9129263628585085
16,2018-02-25,1.9406153764911134
16,2018-03-04,2.0341352924595277
16,2018-03-11,2.0297663854787666
16,2018-03-18,1.9741093506500806
16,2018-03-25,1.9947224934580565
17,2017-06-04,1.8191480741065305
17,2017-06-11,2.44238542939315
17,2017-06-18,1.8713094092977998
17,2017-06-25,2.53534619432196
17,2017-07-02,2.31957164109801
17,2017-07-09,2.459547901136393
17,2017-07-16,2.1017354200879073
17,2017-07-23,2.4055223382562336
17,2017-07-30,2.398451868125684
17,2017-08-06,2.0853449963920188
17,2017-08-13,2.080810671517226
17,2017-08-20,2.1182573433969676
17,2017-08-27,2.580405074512383
17,2017-09-03,1.9816510582338998
17,2017-09-10,2.4508993889721538
17,2017-09-17,2.4627834166447813
17,2017-09-24,2.0019860416618522
17,2017-10-01,2.427014446991213
17,2017-10-08,2.4163289030872086
17,2017-10-15,2.3927306075884527
17,2017-10-22,2.437478151618223
17,2017-10-29,2.0023520592917476
17,2017-11-05,2.4185230432262097
17,2017-11-12,2.438107996345067
17,2017-11-19,2.402409654213757
17,2017-11-26,1.9551575839240203
17,2017-12-03,2.2899540015928372
17,2017-12-10,2.4089898611259977
17,2017-12-17,1.9233602677931787
17,2017-12-24,1.7429465139157732
17,2017-12-31,2.060337789254324
17,2018-01-07,2.4838580389209435
17,2018-01-14,2.061622114535562
17,2018-01-21,2.3227724823333675
17,2018-01-28,2.15019454588693
17,2018-02-04,2.376257347145248
17,2018-02-11,2.4345966940835466
17,2018-02-18,2.0388255446634482
17,2018-02-25,1.9306752351932621
17,2018-03-04,1.7279524537020075
17,2018-03-11,2.4141944913758078
17,2018-03-18,1.741350547841729
17,2018-03-25,1.9631906081257395
18,2017-06-04,0.9470248460914967
18,2017-06-11,0.8784050030594277
18,2017-06-18,0.9934633148123004
18,2017-06-25,1.086934050369495
18,2017-07-02,0.9435847319621414
18,2017-07-09,0.9490434166020217
18,2017-07-16,1.064831572303348
18,2017-07-23,1.0341259456005352
18,2017-07-30,1.086934050369495
18,2017-08-06,1.0471191616093884
18,2017-08-13,1.1196202681070417
18,2017-08-20,1.2117337906173438
18,2017-08-27,1.1312012820569148
18,2017-09-03,1.2849770174869455
18,2017-09-10,1.3449194652701562
18,2017-09-17,1.624490168348519
18,2017-09-24,1.2516241935004617
18,2017-10-01,1.1175071126559115
18,2017-10-08,1.0819663440179497
18,2017-10-15,1.0644897488927665
18,2017-10-22,1.2598050827008411
18,2017-10-29,1.2894284155907216
18,2017-11-05,1.2331071438154189
18,2017-11-12,1.206392903147199
18,2017-11-19,1.2206182236373466
18,2017-11-26,1.245562432908293
18,2017-12-03,1.1067894529768234
18,2017-12-10,1.2396639035326766
18,2017-12-17,1.0785899423788734
18,2017-12-24,1.256157708400576
18,2017-12-31,1.1311250712941165
18,2018-01-07,1.0686243677289171
18,2018-01-14,1.0283726560262865
18,2018-01-21,1.0654763264951408
18,2018-01-28,1.125402304920688
18,2018-02-04,1.149563643924487
18,2018-02-11,1.3321548332194328
18,2018-02-18,1.215016973321271
18,2018-02-25,1.2569051504940145
18,2018-03-04,1.2393024789427316
18,2018-03-11,0.8741106472305354
18,2018-03-18,1.058817116091624
18,2018-03-25,0.9858269828599723
19,2017-06-04,1.0674701571222331
19,2017-06-11,0.7423860474929448
19,2017-06-18,0.9492599912501987
19,2017-06-25,0.9198051594665243
19,2017-07-02,1.0539772328316201
19,2017-07-09,0.8339016405949792
19,2017-07-16,1.3978046580720451
19,2017-07-23,1.303753379388837
19,2017-07-30,1.2695876543599307
19,2017-08-06,1.3071637210812899
19,2017-08-13,1.3934486270221964
19,2017-08-20,1.3406012820308009
19,2017-08-27,1.3957688441709146
19,2017-09-03,1.3260455886548481
19,2017-09-10,1.3934486270221964
19,2017-09-17,1.290304368369467
19,2017-09-24,1.3498661341035483
19,2017-10-01,1.399975850715429
19,2017-10-08,1.4547295968799396
19,2017-10-15,1.5613921422041794
19,2017-10-22,1.39125520222749
19,2017-10-29,1.4858164841718782
19,2017-11-05,1.4496357057813072
19,2017-11-12,1.4068982623766428
19,2017-11-19,1.4951491136630546
19,2017-11-26,1.475840819183939
19,2017-12-03,1.4485989923654963
19,2017-12-10,1.373274889095278
19,2017-12-17,1.4068353618603224
19,2017-12-24,1.3950288071455428
19,2017-12-31,1.4290369461100128
19,2018-01-07,1.4376302208836376
19,2018-01-14,1.4259119015014254
19,2018-01-21,1.2764854180272307
19,2018-01-28,1.358181684397902
19,2018-02-04,1.3428995466437899
19,2018-02-11,1.4462790610912932
19,2018-02-18,1.3798436457858223
19,2018-02-25,1.3199412709182572
19,2018-03-04,1.4383256176764911
19,2018-03-11,1.4305522764511676
19,2018-03-18,1.1996871173769845
19,2018-03-25,1.2195706083448539
20,2017-06-04,1.9881392426892615
20,2017-06-11,2.090716516085708
20,2017-06-18,2.035631719321124
20,2017-06-25,1.8105866449086718
20,2017-07-02,2.109571673620913
20,2017-07-09,2.157093609345726
20,2017-07-16,1.8980703270259127
20,2017-07-23,1.903485282255946
20,2017-07-30,1.8299412419988839
20,2017-08-06,1.9404524061141482
20,2017-08-13,2.050284582972516
20,2017-08-20,2.040068688695447
20,2017-08-27,1.7536284153547592
20,2017-09-03,1.902093332873159
20,2017-09-10,1.4540942368627754
20,2017-09-17,1.336689380370921
20,2017-09-24,1.4108484249756246
20,2017-10-01,1.958525150428476
20,2017-10-08,2.0336557811179694
20,2017-10-15,2.0130312651729256
20,2017-10-22,1.9615394409035738
20,2017-10-29,1.573456555256323
20,2017-11-05,1.4464681714864616
20,2017-11-12,1.9453533005450194
20,2017-11-19,1.638845541946124
20,2017-11-26,1.6246023890618004
20,2017-12-03,1.9117141840574214
20,2017-12-10,1.8830042488493288
20,2017-12-17,1.8784330227656643
20,2017-12-24,1.649805440347891
20,2017-12-31,2.040828692470777
20,2018-01-07,1.7615299942415499
20,2018-01-14,1.920241292707853
20,2018-01-21,1.7587053424155
20,2018-01-28,1.4525278889396944
20,2018-02-04,1.6901418907933123
20,2018-02-11,1.4960001250811858
20,2018-02-18,1.3910059531818615
20,2018-02-25,1.4964854308026083
20,2018-03-04,1.3189764158126691
20,2018-03-11,1.9080191742003534
20,2018-03-18,1.6480127475711928
20,2018-03-25,1.444273557767305
21,2017-06-04,1.2655664488578067
21,2017-06-11,1.3114560373758823
21,2017-06-18,1.3573020631997903
21,2017-06-25,1.3438230658966441
21,2017-07-02,1.3606956048861991
21,2017-07-09,1.5323307024251918
21,2017-07-16,1.5865239225140002
21,2017-07-23,1.6273022109546436
21,2017-07-30,1.475671582809526
21,2017-08-06,1.4910278951395555
21,2017-08-13,1.7220846575507318
21,2017-08-20,1.644255149582649
21,2017-08-27,1.481041160569266
21,2017-09-03,1.5888553344161522
21,2017-09-10,1.5354578972510804
21,2017-09-17,1.6906237196211364
21,2017-09-24,1.68374915250798
21,2017-10-01,1.716602134016155
21,2017-10-08,1.682582299862933
21,2017-10-15,1.6770124396696964
21,2017-10-22,1.644640665014457
21,2017-10-29,1.5731697954075097
21,2017-11-05,1.53795672033607
21,2017-11-12,1.5421391391697656
21,2017-11-19,1.5307254750147834
21,2017-11-26,1.5849584994479078
21,2017-12-03,1.5157946967076883
21,2017-12-10,1.515187279265377
21,2017-12-17,1.530183353024671
21,2017-12-24,1.5349229613438096
21,2017-12-31,1.464356694885278
21,2018-01-07,1.453921495298958
21,2018-01-14,1.4880712763531592
21,2018-01-21,1.5540371925710512
21,2018-01-28,1.5233782974935657
21,2018-02-04,1.483402374780608
21,2018-02-11,1.4844591031387409
21,2018-02-18,1.440617720499276
21,2018-02-25,1.4677120229507394
21,2018-03-04,1.480437829368689
21,2018-03-11,1.443500898262632
21,2018-03-18,1.4844347102206201
21,2018-03-25,1.4467455884679037
22,2017-06-04,1.2462201913769573
22,2017-06-11,1.2238286313989404
22,2017-06-18,1.2679545903822467
22,2017-06-25,1.2506232117447569
22,2017-07-02,1.2238286313989404
22,2017-07-09,1.258910942786132
22,2017-07-16,1.5116973557104867
22,2017-07-23,1.7233635086796593
22,2017-07-30,1.5855962374439907
22,2017-08-06,1.456959992261832
22,2017-08-13,1.4347540476371081
22,2017-08-20,1.4782587053312821
22,2017-08-27,1.604145400584131
22,2017-09-03,1.621898644733132
22,2017-09-10,1.5914517542023647
22,2017-09-17,1.5713831243007057
22,2017-09-24,1.6444280677755116
22,2017-10-01,1.7108075397300901
22,2017-10-08,1.5855616877255487
22,2017-10-15,1.6875707696463877
22,2017-10-22,1.5895144035676039
22,2017-10-29,1.6856975760082864
22,2017-11-05,1.710462687287663
22,2017-11-12,1.7020272741455151
22,2017-11-19,1.6837394354954414
22,2017-11-26,1.6896340074358502
22,2017-12-03,1.6100518232046102
22,2017-12-10,1.5805721332748368
22,2017-12-17,1.704505664882095
22,2017-12-24,1.7291154195289937
22,2017-12-31,1.4806830587437656
22,2018-01-07,1.4826951221904288
22,2018-01-14,1.3915229986424174
22,2018-01-21,1.5065793986866913
22,2018-01-28,1.3878599879238473
22,2018-02-04,1.2427071027913155
22,2018-02-11,1.3966645949409875
22,2018-02-18,1.5851848746318828
22,2018-02-25,1.5079960446535714
22,2018-03-04,1.2517250229794858
22,2018-03-11,1.249803550198937
22,2018-03-18,1.47862387539902
22,2018-03-25,1.4329532291510083
23,2017-06-04,1.373005297806936
23,2017-06-11,1.0608914697872984
23,2017-06-18,1.214093900968055
23,2017-06-25,1.197047230347524
23,2017-07-02,1.1144234491387992
23,2017-07-09,1.5154128241241394
23,2017-07-16,1.698468827758251
23,2017-07-23,1.5917956328507792
23,2017-07-30,1.720481220923804
23,2017-08-06,1.5711542927854771
23,2017-08-13,1.853897438725156
23,2017-08-20,1.777140220827365
23,2017-08-27,1.8366046072679287
23,2017-09-03,1.6155765415024363
23,2017-09-10,1.8335554032053942
23,2017-09-17,1.3766047232326188
23,2017-09-24,1.7062525279170675
23,2017-10-01,1.8236631681940316
23,2017-10-08,1.7633080548814792
23,2017-10-15,1.8085965099847585
23,2017-10-22,1.6557078000992935
23,2017-10-29,1.798642517291297
23,2017-11-05,1.8658293948106528
23,2017-11-12,1.879413863997272
23,2017-11-19,1.862509205280843
23,2017-11-26,1.9404445306083284
23,2017-12-03,1.8378531084818923
23,2017-12-10,1.8669947591342726
23,2017-12-17,1.8660861592318556
23,2017-12-24,1.8103530152473697
23,2017-12-31,1.6867502178389442
23,2018-01-07,1.6571178274691623
23,2018-01-14,1.762278638460797
23,2018-01-21,1.7821125496019665
23,2018-01-28,1.8887230358190035
23,2018-02-04,1.9979885536166735
23,2018-02-11,1.9827113607723121
23,2018-02-18,2.06334399645425
23,2018-02-25,1.793277813475542
23,2018-03-04,1.6281709918692722
23,2018-03-11,1.6574434927755242
23,2018-03-18,1.703877887095411
23,2018-03-25,1.660778309252021
24,2017-06-04,1.6863522348746611
24,2017-06-11,1.679297271928995
24,2017-06-18,1.792910836244295
24,2017-06-25,1.6872977886746474
24,2017-07-02,1.7554492906056565
24,2017-07-09,1.6271053037709522
24,2017-07-16,1.616919906846125
24,2017-07-23,1.548971292184035
24,2017-07-30,1.5152226344875712
24,2017-08-06,1.5936813237242802
24,2017-08-13,1.5776627789956736
24,2017-08-20,1.4883335293712907
24,2017-08-27,1.6263634917323213
24,2017-09-03,1.6070468373228262
24,2017-09-10,1.5282755737347553
24,2017-09-17,1.8266138441048028
24,2017-09-24,1.7394110051713552
24,2017-10-01,1.7569064846113644
24,2017-10-08,1.68286701920448
24,2017-10-15,1.8443285805744736
24,2017-10-22,1.4820074421949605
24,2017-10-29,1.6444682510294464
24,2017-11-05,1.5574601910906154
24,2017-11-12,1.4853345096321866
24,2017-11-19,1.670813118830647
24,2017-11-26,1.5722177952236633
24,2017-12-03,1.6571419481611733
24,2017-12-10,1.6513393718248113
24,2017-12-17,1.571426186524959
24,2017-12-24,1.5541269782012073
24,2017-12-31,1.6096583363197334
24,2018-01-07,1.5531817347987311
24,2018-01-14,1.5629616224431697
24,2018-01-21,1.5984791034235695
24,2018-01-28,1.6264664546998993
24,2018-02-04,1.6105361445948132
24,2018-02-11,1.644639478420677
24,2018-02-18,1.6197909727022988
24,2018-02-25,1.506132805782208
24,2018-03-04,1.5563930096854324
24,2018-03-11,1.6241232194766013
24,2018-03-18,1.5806123820206741
24,2018-03-25,1.6234049139417837
25,2017-06-04,1.571987923621002
25,2017-06-11,1.5089820720982385
25,2017-06-18,1.672643332273503
25,2017-06-25,1.6434571676905787
25,2017-07-02,1.6149773137666892
25,2017-07-09,1.7251204447911932
25,2017-07-16,1.8727844248675476
25,2017-07-23,2.0398370136363337
25,2017-07-30,1.869259185189563
25,2017-08-06,1.9353860556098443
25,2017-08-13,1.9900351435239967
25,2017-08-20,1.9416161887433065
25,2017-08-27,1.8745316431144246
25,2017-09-03,1.997119108891087
25,2017-09-10,1.970758774958408
25,2017-09-17,1.9611257287181922
25,2017-09-24,1.9467015071930462
25,2017-10-01,1.987813249588463
25,2017-10-08,2.004438264323652
25,2017-10-15,1.967865099538173
25,2017-10-22,2.0027690889755134
25,2017-10-29,1.9847074890473957
25,2017-11-05,1.9762982135596363
25,2017-11-12,1.9893541817528504
25,2017-11-19,1.8450186401404292
25,2017-11-26,1.9116549925608937
25,2017-12-03,1.9779550390068572
25,2017-12-10,1.9976843736699044
25,2017-12-17,1.856322701241265
25,2017-12-24,1.9486256745128874
25,2017-12-31,2.0029335513029354
25,2018-01-07,1.9402172140598883
25,2018-01-14,1.950032105724156
25,2018-01-21,1.901349568705507
25,2018-01-28,2.0288297456598823
25,2018-02-04,2.007648154004789
25,2018-02-11,2.007648154004789
25,2018-02-18,2.086138100849747
25,2018-02-25,1.9712049511039427
25,2018-03-04,2.012887524017939
25,2018-03-11,2.0454703009856723
25,2018-03-18,2.012314846455084
25,2018-03-25,1.9882594257339978
26,2017-06-04,1.074283963616269
26,2017-06-11,1.0394348074074344
26,2017-06-18,1.1913197844166583
26,2017-06-25,1.1974793702401063
26,2017-07-02,1.1556867661742278
26,2017-07-09,1.524333050522383
26,2017-07-16,1.601755613336273
26,2017-07-23,1.470709616172606
26,2017-07-30,1.585303428869652
26,2017-08-06,1.4983240890678156
26,2017-08-13,1.7527439143449053
26,2017-08-20,1.5238204972548268
26,2017-08-27,1.4016221519223548
26,2017-09-03,1.3680696351788206
26,2017-09-10,1.4469083665658553
26,2017-09-17,1.2920292863156506
26,2017-09-24,1.258519810973825
26,2017-10-01,1.5629196386700068
26,2017-10-08,1.6366303362519685
26,2017-10-15,1.5714714273645316
26,2017-10-22,1.5969920574592023
26,2017-10-29,1.498545373661874
26,2017-11-05,1.4837519345766153
26,2017-11-12,1.560715736148656
26,2017-11-19,1.6379764676409665
26,2017-11-26,1.6009324643773386
26,2017-12-03,1.616647674660331
26,2017-12-10,1.6337106701174116
26,2017-12-17,1.5672827662565654
26,2017-12-24,1.4419472610898407
26,2017-12-31,1.5672827662565654
26,2018-01-07,1.6045566763361017
26,2018-01-14,1.6102188148963026
26,2018-01-21,1.400958556034
26,2018-01-28,1.5930739052622822
26,2018-02-04,1.6454472562636673
26,2018-02-11,1.7076297332785877
26,2018-02-18,1.7564515091693882
26,2018-02-25,1.455515309680284
26,2018-03-04,1.6093172834104512
26,2018-03-11,1.6026353534133633
26,2018-03-18,1.593416823970725
26,2018-03-25,1.6558111654620244
27,2017-06-04,1.909682424124293
27,2017-06-11,1.930956570252665
27,2017-06-18,1.9840551462327414
27,2017-06-25,1.926880048056763
27,2017-07-02,1.93338961540539
27,2017-07-09,1.8318888286479678
27,2017-07-16,1.6345654650778458
27,2017-07-23,1.7246951449003176
27,2017-07-30,1.6576334302824802
27,2017-08-06,1.5804803413609971
27,2017-08-13,1.5967206795519377
27,2017-08-20,1.5785000989071012
27,2017-08-27,1.5777981315540235
27,2017-09-03,1.5609147972683983
27,2017-09-10,1.605097671245588
27,2017-09-17,1.583920165568254
27,2017-09-24,1.5686936885767127
27,2017-10-01,1.6754317689205154
27,2017-10-08,1.8448581705641556
27,2017-10-15,1.9647866174154553
27,2017-10-22,1.7370056183515177
27,2017-10-29,1.6063359952116965
27,2017-11-05,1.551241600462199
27,2017-11-12,1.6389303317470127
27,2017-11-19,1.667617820095818
27,2017-11-26,1.6094395533100048
27,2017-12-03,1.622352586173125
27,2017-12-10,1.497002168720336
27,2017-12-17,1.6325230727036621
27,2017-12-24,1.4735587387167797
27,2017-12-31,1.6347855930956734
27,2018-01-07,1.638978944072311
27,2018-01-14,1.6025469129144887
27,2018-01-21,1.6708673586890952
27,2018-01-28,1.6432356914455666
27,2018-02-04,1.5648943021535384
27,2018-02-11,1.6076402086049035
27,2018-02-18,1.6654485978193
27,2018-02-25,1.6073447053138576
27,2018-03-04,1.5968162617599992
27,2018-03-11,1.6315400200650236
27,2018-03-18,1.6771281857083113
27,2018-03-25,1.5907118545554197
28,2017-06-04,1.9419132279059645
28,2017-06-11,1.916698032244627
28,2017-06-18,1.7082805358715027
28,2017-06-25,2.2109696062246726
28,2017-07-02,2.2142709736259225
28,2017-07-09,2.192885502586043
28,2017-07-16,2.151896772109496
28,2017-07-23,2.1471244301006163
28,2017-07-30,2.025005565357272
28,2017-08-06,2.061473579595005
28,2017-08-13,2.078417048853799
28,2017-08-20,1.9971397539155273
28,2017-08-27,2.091957209328937
28,2017-09-03,2.1821989732004123
28,2017-09-10,2.026161244359459
28,2017-09-17,1.939732433705329
28,2017-09-24,2.0506477898446285
28,2017-10-01,2.042130441944066
28,2017-10-08,2.1210349480744486
28,2017-10-15,2.0786109790675265
28,2017-10-22,2.013574278385303
28,2017-10-29,1.9962757992323343
28,2017-11-05,2.044448642210462
28,2017-11-12,2.116319171075408
28,2017-11-19,2.082153055565213
28,2017-11-26,2.089963314924351
28,2017-12-03,1.5098904842927792
28,2017-12-10,1.9900359986611074
28,2017-12-17,1.7865024677401582
28,2017-12-24,2.155474724365523
28,2017-12-31,2.1480683643671137
28,2018-01-07,1.9196941227506417
28,2018-01-14,1.5721958391662119
28,2018-01-21,1.8545963649973984
28,2018-01-28,1.6027873932211079
28,2018-02-04,2.0915430168957316
28,2018-02-11,1.9130187387480966
28,2018-02-18,1.6094405238266503
28,2018-02-25,1.8986249081810957
28,2018-03-04,1.953712975488851
28,2018-03-11,1.837073012524718
28,2018-03-18,1.615178266931069
28,2018-03-25,1.7961115460096522
29,2017-06-04,1.9207169547799876
29,2017-06-11,2.0603378009626554
29,2017-06-18,1.7609170899284827
29,2017-06-25,2.034150524012082
29,2017-07-02,2.063087941170783
29,2017-07-09,2.0028503111541336
29,2017-07-16,1.8401725566763136
29,2017-07-23,1.9037094502989809
29,2017-07-30,1.6278385165267741
29,2017-08-06,1.2673514998469515
29,2017-08-13,1.812711379881152
29,2017-08-20,1.7006883789236251
29,2017-08-27,1.5649201510584554
29,2017-09-03,1.760525920394599
29,2017-09-10,1.3865657099121946
29,2017-09-17,1.4071217216487721
29,2017-09-24,1.6761818499991818
29,2017-10-01,1.6407991467186167
29,2017-10-08,1.6752199548877076
29,2017-10-15,1.64368559960096
29,2017-10-22,1.6251871450190951
29,2017-10-29,1.5044990068506057
29,2017-11-05,1.4528205191263577
29,2017-11-12,1.4315005065778017
29,2017-11-19,1.5317943750551213
29,2017-11-26,1.9729139234364272
29,2017-12-03,1.695956562171049
29,2017-12-10,1.2932733632870468
29,2017-12-17,1.3595616825176629
29,2017-12-24,1.7652429519521595
29,2017-12-31,1.4353488273527453
29,2018-01-07,1.2934353042084288
29,2018-01-14,1.2406434991272843
29,2018-01-21,1.4818166380461348
29,2018-01-28,1.724444361405199
29,2018-02-04,1.8133762464928722
29,2018-02-11,1.8825870198695107
29,2018-02-18,1.7026778899067938
29,2018-02-25,1.7962919591063844
29,2018-03-04,1.5778428947390235
29,2018-03-11,1.5984201871431276
29,2018-03-18,1.2293859461356973
29,2018-03-25,1.6977980026820072
